{"cameraMode":{"drawMode":0,"name":"Shaded","section":"Shading Mode"},"sceneLighting":true,"audioPlay":false,"sceneViewState":{"showFog":true,"showMaterialUpdate":true,"showSkybox":true,"showFlares":true,"showImageEffects":true,"showParticleSystems":true},"in2DMode":false,"pivot":{"x":0.4000000059604645,"y":7.78000020980835,"z":-1.8300000429153443},"rotation":{"x":0.39328962564468386,"y":0.5958284139633179,"z":-0.41611701250076296,"w":0.563181459903717},"size":7.560331344604492,"orthographic":false}